technology;Explore storage class analysis using Amazon S3 analytics data in a ready-to-use Amazon QuickSight dashboard: http://amzn.to/2vnlr6q 
technology;AWS Deep Learning AMIs: Accelerate development of deep learning applications on the cloud! http://amzn.to/2vmXOL2
technology;The fallacies of web application performance by Jose Valim http://buff.ly/2vZG4CK  #performance #ruby #elixir #myelixirstatus
technology;Joy of Elixir http://buff.ly/2w2aLXE  #elixirlang #myelixirstatus
technology;To find out, outdated dependencies run mix.hex.outdated --all #elixir #elixirtips #myelixirstatus
technology;Can't wait to connect with more Elixir folks at @elixir_w_love! #myelixirstatus
technology;With a week of new @elixirlang & @elixirphoenix releases and @ElixirConf around the corner there is a lot to discuss Join us tonight @6pm!
technology;One error shouldn‚Äôt break the whole app. Learn how React 16 lets your apps stay resilient to JavaScript crashes. https://facebook.github.io/react/blog/201
technology;Just found out that react-devtools supports #reactnative! You can view the DOM tree, and inspect props & state. Amazing!
technology;Blogged all about the hows and the whys of extracting logic from React components
technology;at @ChainReactConf on the 2nd floor @alex_frantic set up a react native documentation booth! come by if you want to learn how to contribute
technology;You can now use @urbanairship to send push notifications to the users of your React Native application
technology;Let's look at how @Golang Goroutines Make Concurrency (Almost) Easy: http://trhou.se/2tufvnn  by @jaymcgavren
technology;What happened when I compared the "slowest" server in Ruby to NGINX? The results surprised even me
news;This video shows the eerie perfection of real-time facial expression copying http://tnw.me/cCWZH65 
news;The @PlayOverwatch Summer Games return next week (with new skins) http://cnet.co/2uXqCa5 
news;A new cryptocurrency called Bitcoin Cash was just created after a hard fork from bitcoin
news;Magnificent sandstone statue uncovered near legendary Cambodian temple http://gizmo.do/wVUZHWb 
news;Snap is in talks to buy Chinese selfie drone maker Zero Zero Robotics for $150M-$200M http://tcrn.ch/2uXE2ms  by @jonrussell
news;Apple Watch sales up over 50% since last year http://trib.al/0gFxr6a 
news;Announcing the first cohort of progressive political tech startups backed by @highergroundlab
news;This minivan lets you be a truly creepy Sith lord parent. https://venturebeat.com/2017/07/31/this-minivan-lets-you-monitor-your-kids-in-the-back-darth-vader-voice-optional/ 
news;Klipsch serves up more affordable Atmos speakers http://cnet.co/2vrGOTV 
news;Most campaign tools collect dust when their runs end, but these Obama staffers are trying to bust that cycle
news;@NASA will pay you 6 figures to protect Earth from #aliens http://cnet.co/2vhLf3r 
news;iPad has a surprisingly strong Q3 with unit sales up 15% YoY http://tcrn.ch/2w3KtEr 
news;Hawk raised by eagles makes like an eagle http://cnet.co/2wk7nHb 
news;@artivatic is building end-to-end smart #AI infrastructure for #banks, #financial firms https://yourstory.com/2017/08/artivatic-smart-ai-banks-financial-firms/?utm_source=Twitter&utm_medium=Post ‚Ä¶ #startups #technology
travel;Secret marvels: top 10 micronations http://lptravel.to/i1VNsO  #travel
travel;New Post: Unlikely (For Me) Travel Experiences I Loved https://landlopers.com/2017/07/31/unlikely-travel-experiences-loved ‚Ä¶ #travel #Lp #ttot #tourists
travel;Lonely Planet Italia's  Angelo Pittro is just back from #Vietnam. Check out his adventures here: http://lptravel.to/9pO6qD  by @superpruso
travel;Christmas in India: The light and the dark http://breathedreamgo.com/2012/12/christmas-in-india-the-light-and-the-dark/?utm_source=ReviveOldPost&utm_medium=social&utm_campaign=ReviveOldPost ‚Ä¶ #lp #NGTradar #TTOT #solotravel
travel;Filipino community makes up 9% of Winnipeg. "This is the deep stuff," one local said of street food. "The key is marinating it in spice."
travel;Louis Riel was kind of the Che Guevara of the Metis of #Manitoba
travel;MT @cristianbonetto: Torvehallerne #Copenhagen: everything from Danish cheese & seafood to top coffee #LPinDenmark
travel;Got to have at least one shot in front of a colourful door üö™ @mykonostheoxeniahotel  #mykonos http://ift.tt/2tYkhdh 
travel;50 beautiful places you should visit in America http://cntrvlr.co/Z8VWvSa 
travel;The best of #Vancouver for free http://lptravel.to/AaVFfE  by @johnleewriter #travel
travel;The stars (and satellites) are aligning for an action-packed month. Here's your go-to guide to see all the sky shows
travel;The world's deepest sinkholes are kind of terrifying http://cntrvlr.co/gPaIHJf 
travel;RT @lptravelnews: Check out the best in fashion from the skies! http://lptravel.to/NWhJtt 
travel;Dinner in Winnipeg: pork skewers marinated in 7Up, pig ears & intestines soaked in pineapple/spice. Manila street food from Hot Rod's.
technology;Problem-solving is the most valuable skill you can have as a #developer. Don‚Äôt be afraid to break your #code: http://trhou.se/2uEEx6f 
technology;"The most important thing is to never to stop dreaming. Tech is the future, so invest in yourself & the knowledge." http://trhou.se/2vf3bv4 
technology;Just tried out @heroku CI. Was significantly slower than jenkins, even on performance-l. Moving on to @semaphoreci
technology;hey @heroku autoscroll is broken on the new CI product.
technology;Need to calculate rake task dependencies? `rake -P` to the rescue.
technology;How do your #GraphicDesign skills stack up? Take our free assessment and find out now: http://plrsig.ht/2wj6O0f 
technology;‚ÄúIf your dream is to be a developer it‚Äôs never been easier thanks to companies like @GA & @CourseReport‚Äù- grad Jason http://bit.ly/GA-remote-grad-Jason 
technology;I‚Äôm looking for a Ruby on Rails or http://ASP.NET  project in need of some help. I have some hours opening up. Please RT.
technology;Get introduced to Android architecture components.
technology;‚ÄúThe Note-Taking Habits of Highly Successful People‚Äù by @AndrewMerle
technology;Another #Excel course was added to the library plus a Create #React App workshop. Read about them here: http://trhou.se/2uHaOrZ  #learntocode
technology;In this course w/ @pasanpr you‚Äôll learn to build an app to read reviews on restaurants using the #Yelp API: http://trhou.se/2eHWawE  #iOS
technology;Robots are getting better at impersonating humans every day
technology;Build your #training program to connect #learning to career goals and to increase #engagement. Find out more: http://trhou.se/2vN6Aiu 
news;All-in-One Messenger is a blessing for people tired of chat windows http://cnet.co/2wjWKE4 
news;Kill your push notifications. Yes, really. Turn them all off.
news;LG's V30 is almost certainly dropping the second screen, but it's worth it http://tnw.me/DzURr7B 
news;@Uber and @lyft have been dealt a setback in their fight over the Seattle driver union http://cnet.co/2vhqG7g 
news;Inside Uber‚Äôs new approach to employee performance reviews http://tcrn.ch/2uTsi6c 
news;And @Facebook gobbles up another AI assistant startup. https://venturebeat.com/2017/07/31/facebook-acquires-ai-assistant-startup-ozlo/ 
news;Apple ARKit film experiment puts virtual robot commandos among humans http://tnw.me/iUxtIyG
news;4 things you need to create the best #UX #design #portfolio. #tips #designer #uiux https://yourstory.com/2017/08/create
news;The UK home secretary is wrong: 'real people' need end-to-end encryption http://tnw.me/0vy4MM6
news;QR codes might not be as lame as you think http://cnet.co/2vrDWqm
news;Facebook‚Äôs reportedly building a mysterious video chat camera and smart speaker http://tnw.me/lCKXTkl 
news;Funding science is like buying life insurance for your country.
news;There seems to be a federal war on scientific data, so @ucsc prof. @lindseyld got moving. Full #ArsLive interview: https://arstechnica.com/video/2017/06/the-u-s-government-is-removing-scientific-data-from-the-internet/ 
news;This might be the Galaxy Note 8's all new camera http://cnet.co/2vrCMeu
travel;Iconic Peggy‚Äôs Cove in Nova Scotia, Canada [PHOTO]  https://landlopers.com/2017/07/31/peggys-cove-photo ‚Ä¶ #VisitNovaScotia #ExploreCanada #Canada #ttot
travel;"You've been in the wind, you've been on my mind. You are the purest soul I've ever known in my life. Take your ti‚Ä¶ http://ift.tt/2uikS8Q "
travel;#Namibia: the perfect #African adventure for families with little explorers http://lptravel.to/ybwD2M  @lpkids @imogenmaryhall #travel
travel;The 11 most romantic getaways in the U.S. üòç  http://cntrvlr.co/ODR0foH 
travel;"Why can't I travel? Why can't girls do whatever boys do?"
travel;New Post: Unlikely (For Me) Travel Experiences I Loved https://landlopers.com/2017/07/31/unlikely-travel-experiences-loved ‚Ä¶ #travel #Lp #ttot #comfortzone
travel;Exploring the #Alay Valley: Central Asia‚Äôs trekking utopia http://lptravel.to/l2qRfU  by @bradley_mayhew #travel
travel;This is the best hotel in EVERY state http://cntrvlr.co/IUhV5Xb 
travel;The very best beaches in #Hawaii: http://tandl.me/2w3NX9o
travel;Lured By The Pied Piper To Hameln, Germany https://landlopers.com/2016/08/23/hameln ‚Ä¶ #germanytravel #Germany #Hameln
travel;‚ÄúIf you think adventure is dangerous, try routine it‚Äôs lethal.‚Äù ‚Äì Paulo Coelho. 
travel;See inside a special circumcision ceremony in Uzbekistan that is "almost as important as a wedding"
travel;Secret marvels: eyewitnesses of the weird and wonderful http://lptravel.to/TBrgl4  #travel
travel;The 12 most over-the-top cruise ship amenities http://cntrvlr.co/M3EMyHy 
technology;Anyone using Puma and NewRelic and see basically no time spent in "middleware" (~1-2 ms)? I think we may have a bug.
technology;Single-file Rails apps are actually useful. Here's the one we use to test the Sentry Ruby client
technology;Bro, everyone knows they're spending 100% of their revenue on server costs. Oh wait, no. They have a 50% gross margin
technology;Healthy body, healthy mind, healthy code? The Rubyroid Labs team has blogged about how they keep fit :-D
technology;But wait, there‚Äôs more: images of the new iPhone form-factor are also present. üòÖ A lot of people at Apple are going to have a nasty Monday
technology;Announcing Joy of Elixir: https://elixirforum.com/t/joy-of-elixir/7341 ‚Ä¶. A gentle introduction to programming with Elixir. #myelixirstatus
technology;Made a feature request to @Scoutapp, and they deployed it 3 hours later. 
technology;Github should totally build its own version of the Chrome dinosaur game, would make these outages more fun
technology;Chaining a webhook vulnerability into remote code execution via the Rails cache on Github Enterprise
technology;Implementing Clojure's 'interpose' in Ruby: http://www.bcobb.net/clojures-inter
technology;Benchmarking and Refactoring the content_for View Helper: https://www.driftingruby.com/episodes/bench #video
technology;Scope the Monkey: A Refinements Refresher
technology;Ehhh, anyone got a way for me to scrape my 500+ soundcloud likes  and backup locally? Sounds like it's time to jump ship
technology;A List of Ruby-Based Data Science Tools
news;Mozilla's new tool lets you send self-destructing 1GB files for free http://tnw.me/9FYgP3A 
news;Booster, an app for rich people who don't want to pump their own goddamn gas, raises $20 million
news;70% of the world‚Äôs population could live in a smart city by 2050. #CES2018 Smart Cities Marketplace has all the info http://bit.ly/2wlU2hD
news;A researcher turned an Amazon Echo into a DIY wiretap (!) http://cnet.co/2viKTt7 
news;LG's V30 is almost certainly dropping the second screen, but it's worth it http://tnw.me/fHzNi5G 
news;These are the robots who want to record your life.
news;Snap is in talks to buy Chinese selfie drone maker Zero Zero Robotics for $150M-$200M http://tcrn.ch/2w4YbHq 
news;Microsoft may be working on a Touch Cover for the iPad http://cnet.co/2viCLZC
news;20 percent of small businesses hit by ransomware shut down http://cnet.co/2viX3SL
news;Comcast fails to get hidden fee class action suit thrown out of court http://arstechnica.com/tech-policy/2017/08/comcast-fails-to-get-hidden-fee-class-action-suit-thrown-out-of-court/ ‚Ä¶ by @JBrodkin
news;Samsung Galaxy Note8: Final specs https://wp.me/p8wLEc-9tRb  by @evleaks
news;Celebrity Twitter accounts behave a lot like bots, study says http://tnw.me/Ox5NSj1 
news;Facebook wants your news feed to run much, much faster http://cnet.co/2uZ6PH8 
news;Apple explains why its Services business is booming https://wp.me/p8wLEc-9tPX  by @obrien
travel;The most beautiful black sand beaches in the world http://cntrvlr.co/HkxZmzc 
travel;There‚Äôs more to Austria‚Äôs forth-largest city of #Salzburg than Mozart and the Sound of Music, but it is first and
travel;New Post: Learning About Kyrgyzstan Cuisine on a Karakol Food Tour https://landlopers.com/2017/07/31/karakol-food-tour ‚Ä¶ #DiscoverKyrgyzstan #Asia #Karakol #spons
travel;Archaeologists Just Discovered a 'Little Pompeii‚Äô in France http://www.cntraveler.com/story/archaeologists-just-discovered-a-little-pompeii-in-france ‚Ä¶ via @CNTraveler
travel;There's still time to plan the perfect beach camping getaway before the summer ends http://on.natgeo.com/2wmbu5I
travel;Set sail on the ferry running from mainland #Europe to #Iceland: http://lptravel.to/knZleu  #travel
travel;So glad I decided to make a slight detour to visit @JogginsFossils UNESCO site #visitnovascotia
travel;Budget-friendly lodging never looked so good üòç  #hostels
travel;Lonely Planet Italia's  Angelo Pittro is just back from #Vietnam. Check out his adventures here: http://lptravel.to/9pO6qD  by @superpruso
travel;#Havana: a great art city on the rise http://lptravel.to/6C2jMD  #travel
travel;Check out the view from my flight over the Greenland ice cap! Air Greenland #ilovegreenland http://fb.me/7Mudb3AR9 
travel;Alpaca dance lessons are a real thing in Canada http://cntrvlr.co/M59iAfq 
travel;Share your 'Travel Companion' stories with us and @PayPal for your chance to win $1K towards your next adventure! http://ow.ly/XYtd30e5mpB
travel;LA Reaches Deal to Host 2028 Summer Olympics https://landlopers.com/2017/07/31/travel-news-august-2-2017 ‚Ä¶ #travel #news
technology;How UX designers create great experiences for users: http://ga.co/2h9IkUr  via @101babich
technology;What is #Python (the programming language created in the late 1980s and named after Monty Python) used for? http://trhou.se/2tpFksH 
technology;I‚Äôm open to questions about Ruby, JS, interviewing, teaching people to code, and technical writing/speaking.
technology;My new @pluralsight course, SQL Server: Upgrading and Migrating to SQL Server 2016 went live last night! https://www.pluralsight.com/courses/sqlserver-2016-upgrading-migrating ‚Ä¶ #SQLServer
technology;"Break your #code and put it back together. In the world of #developers, that‚Äôs what everyone does."  http://trhou.se/2uEEx6f 
technology;The greatest trick the devil ever pulled was convincing programmers that the TIOBE language index was meaningful.
technology;Read about the new & upcoming courses at Treehouse: http://trhou.se/2uHaOrZ  #excel #react #learntocode
technology;Thanks @BenjaminBHerold for covering #TeacherCon and the 1,300 teachers ready to take on computer science this year!
technology;Do you have any questions about Elm? Let us know! Beginner or advanced, we don't care. Will reply to all questions.
technology;Learn to quickly set up #React projects using Create React App w/ @guilh in this workshop: http://trhou.se/2vbfZTI  #learntocode
technology;The problem with teaching children to think for themselves is they might come to disagree with us.
technology;Where is the next #SiliconValley? Demand for tech professionals is growing in these cities: http://ga.co/2vQIMKu  via @indeed
technology;A Practical Guide to Tree Based Learning Algorithms
technology;Learn more about #BigData in this post by @craigsdennis via @medium: http://trhou.se/2vmLQBg 
news;Facebook‚Äôs black employee representation has increased for the first time since 2014 http://tcrn.ch/2uWptAY  by @meganrosedickey
news;IBM and Sony Cram Up To 330 Terabytes Into Tiny Tape Cartridge http://bit.ly/2u0ouNB
news;The Pixel 2 could follow the iPhone's example and ditch its headphone jack http://cnet.co/2viomwC
news;Interactive stories are now available for #GoogleEarth on iOS http://cnet.co/2uYyIiF 
news;Fitbit turns teens off exercising, study finds http://tcrn.ch/2vp3zqH  by @riptari
news;Nintendo Switch gets Minecraft: Story Mode's first season on August 22 https://wp.me/p8wLEc-9tR4  by @tolkoto
news;8 things we learned from iPhone 8 leaks this week (so long, home button) http://cnet.co/2viCFS3 
news;Hustle scores $8M to kill telemarketing with personalized texts http://tcrn.ch/2voxQpJ  by @JoshConstine
news;This #drone swimming through Lake Erie wants to fight toxic algae blooms http://bit.ly/2viaW3M  via @WIRED
news;The team behind the cameras that shot #GotGVol2 have made a holographic phone http://cnet.co/2uYLFZU 
news;What we learned about the iPhone 8 from $APPL's earnings report http://cnet.co/2viJmUa
news;VR Is the Fastest-Growing Skill for Online Freelancers http://bit.ly/2hnw4jj 
news;Tim Cook says Apple was forced to comply with Chinese censors over VPNs, and they'd do it in the US too
news;'India‚Äôs leading digital wallet Paytm‚Äôs adding messaging to rival WhatsApp http://tnw.me/rHEJWZL'
travel;RT @v8aholic: @lonelyplanet A bit of travel inspiration for hump day. Antigua, Guatemala.
travel;Being wheelchair-bound couldn't hold back these Polish friends from achieving their wanderlust dreams.
travel;Life with Gansu's Tibetan nomads http://lptravel.to/u1ahVQ  by @tesshumphrys #BestinAsia #travel
travel;Okay who can help @reviewero with this India monsoon travel related question! #IncredibleIndia #traveltips #monsoontravel
travel;Chatting about 'Work & Travel' tomorrow from 2-3pm ET! #PassionPassport http://ow.ly/Gy9w30e53NC
travel;Canadian travel blogger changing notions about travel in India - and women travellers up 10%! http://bit.ly/2uW7Q4r  via @WomanAtWorkMag
travel;National Geographic Quest embarks on inaugural cruise https://landlopers.com/2017/07/31/travel-news-august-2-2017 ‚Ä¶ #travel #news
travel;The world's top 10 micronations http://lptravel.to/i1VNsO  #travel
travel;Learn basic Hindi for travel in India http://breathedreamgo.com/2013/10/learn-basic-hindi-travel-india/?utm_source=ReviveOldPost&utm_medium=social&utm_campaign=ReviveOldPost ‚Ä¶ #lp #NGTradar #TTOT #solotravel
travel;Today I hit the Manitoba road today. (In a good way.) f
travel;Google+ Stories: 48 hours in Dublin Hopefully by now you're aware of G+ stories, and maybe even using them http://rviv.ly/rvBXU  #oldpost
travel;Singapore's eat street: Keong Saik Road http://lptravel.to/jTQofa  by @chriszeiher #BestinAsia #travel
travel;6 amazing nature spots in SW Florida http://ift.tt/2voidP3 
travel;It's official! The 2028 Summer Olympics will be held in Los Angeles http://cntrvlr.co/j61jowq 
technology;#Elixir in times of #microservices by @josevalim
technology;Do you love @elixirphoenix? We do! Great tech talks are in the works at Elixir with Love Conf. Get tickets now!
technology;Setting Up Continuous Integration for an Elixir Project Using Semaphore http://elixirstatus.com/=CvV5  /cc @elixirweekly #elixirlang
technology;Reading "Metapragramming Elixir". Like the sentence "Head back over to your editor and let‚Äôs get to work." #myelixirstatus
technology;Joy of Elixir http://buff.ly/2w2aLXE  #elixirlang #myelixirstatus
technology;One of my favorite people in the Elixir community offers another great read. @michalmuskala #myelixirstatus
technology;Excited to be working with a great team at @letote. #myelixirstatus
technology;A Simple Step-by-Step Start to Using GraphQL with Rails: http://drianhillman.me/2017/05/06/gra
technology;Am I the only person that prefers consuming changelogs through Github's releases interface? Example
technology;‚ÄúAccelerating Services at Airbnb by Building ‚Äî and Open Sourcing ‚Äî a Blazing Fast Thrift B‚Ä¶‚Äù by @andyfang_dz
technology;code doesn't follow design, both follow the vision. I don't know how anybody does it without at least some understanding of all 3
technology;Watch, Learn, Get Inspired at the #Startup Loft at the #AWSSummit in New York. Join us! http://amzn.to/2ux1KYI 
technology;DynamoDB Auto Scaling dynamically adjusts throughput capacity in response to actual traffic patterns: http://amzn.to/2s2p26L 
technology;We're excited to be a platinum sponsor for @ServerlessConf NYC Oct 8-11! Go #Serverless! http://amzn.to/2wlQEDa 
news;Magnetic tape data storage breakthrough will make your hard drive seem tiny http://gizmo.do/WsBJqCN 
news;WanderJaunt wants to make a brand for itself on Airbnb with $2M in seed funding http://tcrn.ch/2viYXD6  by @JohnMannes
news;Karma's next device is a Wi-Fi hotspot with built in Tor and a VPN http://tcrn.ch/2tZHMTj  by @sarahintampa
news;Master Facebook, Twitter, Instagram and more with this social media marketing deal ‚Äî only $29 http://tnw.me/2zWVGwb 
news;IDC: Smartphone shipments fell 1.3% in Q2, but Samsung, Apple, Huawei, Oppo, and Xiaomi all gained share https://wp.me/p8wLEc-9tQL  by @EPro
news;Lyft adds 3 causes to charity program, will match Apple Pay donations http://tcrn.ch/2tZFUKh  by @etherington
news;Smash.gg raises $11 million for esports tournament platform https://wp.me/p8wLEc-9tzn  by @deantak
news;Smash.gg raises $11 million for esports tournament platform https://wp.me/p8wLEc-9tzn  by @deantak
news;This outfit wants startups to trade their equity for patents from big tech players http://tcrn.ch/2tZGyHG  by @cookie
news;#Nvidia and Remedy use neural networks for eerily good facial animation https://arstechnica.co.uk/gaming/2017/08/nvidia-remedy-neural-network-facial-animation/ ‚Ä¶ by @markalexwalton #facialanimation
news;Microsoft may be making a Surface keyboard for... the iPad? http://tnw.me/ymYmpPU 
news;Google Maps cofounder Lars Rasmussen wants to make running fun through music http://tcrn.ch/2wlWRza  by @jordanrcrook
news;#Apple, #Google dump over 300 #apps doing #unlicensed trading.  https://yourstory.com/2017/08/apple-google-dump-300-trading-apps/?utm_source=Twitter&utm_medium=Post ‚Ä¶
news;Wia, a cloud platform for IoT device developers, scores ‚Ç¨750K seed funding http://tcrn.ch/2f8kXKj  by @sohear
travel;10 Photos That Will Inspire You to Head to Eastern Switzerland https://whywaittoseetheworld.com/10-photos-will-inspire-head-eastern-switzerland/ ‚Ä¶ via @whywaitworld
travel;Exploring the Alay Valley: Central Asia's trekking utopia http://lptravel.to/l2qRfU  by@bradley_mayhew #travel
travel;RT @Aerohaveno: Impressive sunset over Docklands tonight. Almost makes up for the cold!
travel;Athens' best rooftop bars http://lptravel.to/VLqLXL  by @tejadamarissa #travel
travel;You can't by happiness, but you can buy coffee ... and that's pretty close ‚òïÔ∏è @mykonostheoxeniahotel #mykonos http://ift.tt/2u2sAVq 
travel;RT @cyprusmail: The Cyprus Tourism Organisation makes 47 beaches accessible to people with special needs: http://cyprus-mail.com/2017/08/01/cto-makes-47-beaches-accessible-people-special-needs-full-list/ ‚Ä¶
travel;A segway tour of Copenhagen A segway tour of Copenhagen may seem a little strange when Copenhagen mainly s http://rviv.ly/utXL2  #oldpost
travel;Photographer reveals remote #Turkey's hidden side with these surprising and beautiful images: http://lptravel.to/Zw8lL8  @LPtravelnews
travel;Great drive from Winnipeg to Riding National Park. Had Manitoba beer in a barley field, took gravel roads, heard bear stories.
travel;Of spice and sun: Travel tales in Odisha http://breathedreamgo.com/2012/12/travel-tales-in-odisha/?utm_source=ReviveOldPost&utm_medium=social&utm_campaign=ReviveOldPost ‚Ä¶ #lp #NGTradar #TTOT #solotravel
travel;A first-timer‚Äôs guide to Ile de R√©: laid-back French seaside chic at its best http://lptravel.to/ZQZQRF  @mary_novakovich #travel
travel;New post: Gorilla Trekking in the Democratic Republic of the Congo
travel;Kaya toast ice cream and beef cheek bao: Chris Zeiher munches his way along #Singapore‚Äôs eat street http://lptravel.to/jTQofa  @chriszeiher
travel;Joshua Tree National Park is officially one of the best places to stargaze http://cntrvlr.co/ergMThb 
technology;Seven Awesome Things You Can Build with @nodejs: http://trhou.se/2f8kTdx 
technology;Are you revamping your technical #trainingprogram? Try these ideas to boost team engagement and inspire curiosity: http://bit.ly/2v1RWqf 
technology;There‚Äôs one question every new Android developer should be asking themselves: should I be learning @Kotlin or @Java? http://trhou.se/2uR9mTP 
technology;Whether you're using them in a project or just learning how they work, these React applications are worth a look.
technology;There's no all-in-one solution to solve your #Azure cloud needs. Make an informed decision for your developers: http://plrsig.ht/2tVtS89 
technology;‚ÄúGetting Started with CSS Flexbox‚Äù by Rishabh Saxena:
technology;Set up #ContinuousIntegration for an Elixir Phoenix project using Semaphore http://bit.ly/2uYv7Rz #myelixirstatus #cicd
technology;Sure. Put those tokens in your ENV. They're totally safe there. Till you install a malicious npm package.
technology;Don't miss "Data Science is Too Important to Be Left to Just the Data Scientists" at #PluralsightLIVE: http://plrsig.ht/2gQHfAO 
technology;Read how to build a #training program that connects #learning to career goals by @EmSchw: http://trhou.se/2vN6Aiu 
technology;Thanks, @TimeOutNewYork, for recommending our Programming for Non-Programmers workshop! http://ga.co/2ukz7Kd  cc @asmantz
technology;Write select first & check expected affected rows, then clone table, dummy run, truncate and re-clone if wrong before applying to live data
technology;Finished a Codecademy course? Test your skills with a classic brain-teaser often asked in developer job interviews!
technology;"There aren‚Äôt many people my age in the same position without a college degree, but in tech, it‚Äôs possible." http://trhou.se/2vf3bv4 
news;Proof that workers want to relinquish their menial jobs to chatbots: https://venturebeat.com/2017/08/01/heres-proof-that-workers-want-to-relinquish-their-menial-jobs-to-chatbots/ ‚Ä¶
news;Sony and IBM stuffed 330TB into a palm-sized cartridge http://tnw.me/Ug53EzE 
news;LG confirms its next smartphone will feature a massive six-inch OLED screen http://tcrn.ch/2vkPScP  by @jonrussell
news;Lunar nanobots could bring gaming to the moon http://cnet.co/2wob52w 
news;Mystro helps new Uber drivers learn how to optimize the system
news;US scientists used Crispr to fix a gene in human embryos for the first time. It worked‚Äîbut not like they expected
news;Ikea is selling solar batteries in the UK http://cnet.co/2vkIcXY  @IKEAUK
news;SIGMA #accelerator from @Zinnov and GIZ aims to give social enterprises a hand in #scalingup LAST DAY to apply Aug4
news;Facebook has its own Amazon Echo in the works. https://venturebeat.com/2017/08/01/facebook-is-reportedly-developing-a-video-chat-device-and-smart-speaker/ ‚Ä¶
news;Hyperloop One‚Äôs next step is to test airlocks for pod entry and exit http://tcrn.ch/2uWCWcp 
news;Mac vs Windows: Why it doesn‚Äôt matter so much anymore http://tnw.me/TkQsUwi
news;Meadow is the Amazon of weed http://tcrn.ch/2uVXHoi 
news;The LG V30 could have one less screen than the V20 http://cnet.co/2wnO53N 
news;Two secret #Windows10 buttons you need to know http://cnet.co/2v1BbJ9  @Windows
travel;Have you traveled by van? üöê
travel;Stairway to heaven #mawibeach #lombok #indonesia
travel;LP Local Vesna Celebic explains why she loves her city - stunning #Dubrovnik! http://lptravel.to/Zda8Dv  @Dubrovnikguided
travel;Air France passenger boards wrong flight, goes to sleep and wakes up in a different country http://cntrvlr.co/DeS2nWv 
travel;From the wetlands of ≈åsaki to the marine life of Cuba, journey the globe with these fresh, award-winning photos
travel;Tea time at the dunes! http://buff.ly/2tvqJfx  @Wolwedans_NAM #desert #travel
travel;MT @Go2MattPhillips: WARNING! Pickpockets! Charges pending for trying to steal the Stawamus Chief's show. Entertaining munchkins #lpincanada
travel;Why your next family vacation should be on a cruise http://cntrvlr.co/Xc3JfaR
travel;I walked in a barley field drinking #Manitoba lager with its makers (Neepawa's @FarmeryBrewery). They welcome you to drink in their fields.
travel;One of the best ways to get to know the local culture of a city? Pay attention to the street art.
travel;Love this award-winning photo of the buff-tailed coronet in Ecuador? Take in a stunning look at hummingbird flight: http://on.natgeo.com/2v0tG5j
travel;Tracking the Real Snow White in Bad Wildungen Germany https://landlopers.com/2016/08/16/bad-wildungen ‚Ä¶ #Germanytravel #germany #europe
travel;Experience the best of #Vancouver for free: http://lptravel.to/AaVFfE  by @johnleewriter #travel #Canada
travel;10 movies that immortalize Colorado http://ift.tt/2u1iofT 
technology;What we‚Äôve learned from .NET Core SDK Telemetry @runfaster2000 @dotnet
technology;Get started with Firebase authentication for iOS.
technology;What is #Python (the programming language created in the late 1980s and named after Monty Python) used for? http://trhou.se/2tpFksH
technology;Run Lambda functions globally with Lambda@Edge, now available to all customers: http://amzn.to/2vuZbHV 
technology;Learn how to monitor & track your cloud resources with this video by cloud expert @janakiramm
technology;Learn how Bandwidth built a text-to-speech application into their communications offerings with Amazon Polly. http://amzn.to/2vv5wTF
technology;Speed up DynamoDB response times from milliseconds to microseconds without application rewrite. http://amzn.to/2vuORj9 
technology;New on the #AI Blog: Exploiting the Unique Features of the Apache MXNet Deep Learning Framework with a Cheat Sheet. http://amzn.to/2vuMlcB 
technology;Learn how to run common data science packages on Anaconda and Oozie with Amazon EMR. http://amzn.to/2vukSaR 
technology;Learn how these #nonprofits speed time to cure in our recent blog post: http://amzn.to/2wnfeUv 
technology;Learn how to simplify your security management and establish endpoint protection on AWS. http://amzn.to/2wn9KZB 
technology;This is My Architecture: @Ocado builds secure, loosely coupled microsvcs using Route53,Elastic Beanstalk & DynamoDB http://amzn.to/2ulpvPA 
technology;Learn how to switch your security strategy when burdened with poor tooling in our webinar. http://amzn.to/2vusLgx 
technology;Use Amazon Cloud Directory to build & run applications that need HIPAA & PCI compliance in the AWS Cloud! http://amzn.to/2wmUDzw 
news;Germany is now one of few countries that bans workplace keylogging http://tnw.me/lx4pmzx 
news;Why Android O has us more excited than #iOS11 http://cnet.co/2vuXYjA
news;Tesla's stock charges up thanks to Model 3 demand and higher revenue
news;Whatever makes you feel better about @Apple kowtowing to Chinese censorship, Mr. Cook. https://venturebeat.com/2017/08/02/apple-ceo-cook-defends-move-to-censor-chinese-apps/ ‚Ä¶
news;Here are the best startup cities in the Midwest http://tcrn.ch/2uVNtEq 
news;Smart belt helps Parkinson's patients, elderly with balance http://cnet.co/2wnQgEr 
news;Samsung launches a ginormous 88-inch TV that costs $20,000 http://tnw.me/Aai4BYr
news;SpaceX helped Tesla with a huge headache in its cars http://tcrn.ch/2w87O7Z 
news;Hackers take control of large outdoor screen in Cardiff to broadcast offensive messages http://tnw.me/QBeuFaG 
news;Bootstrapped @3dot14digital is putting #companies on the #digital path https://yourstory.com/2017/08/bootstrapped-3-14-digital/?utm_source=Twitter&utm_medium=Post ‚Ä¶
news;Can @Facebook Workplace crush Slack and Microsoft Teams beneath its blue heel? https://venturebeat.com/2017/08/01/facebooks-plan-to-convince-businesses-workplace-beats-slack-and-microsoft-teams/ ‚Ä¶
news;Study shows VR programming skill is at the top of employer wishlists http://tnw.me/YDfDywH 
news;Square continues its stellar stock market run http://tcrn.ch/2w817CX 
news;Kuri is watching you. Kuri knows your face. https://venturebeat.com/2017/08/01/the-kuri-home-robot-will-use-facial-recognition-to-record-video/ ‚Ä¶
travel;‚ÄúIt is better to travel than to arrive.‚Äù ‚Äì Buddha.
travel;Where to go in September for relaxation http://lptravel.to/S2QkGk  #travel
travel;You can have a beer while standing in Slovenia and Croatia at the same time http://cntrvlr.co/cYxxVSr 
travel;via @OttsWorld Why Would Someone Live in the Canadian Arctic?: https://www.ottsworld.com/blogs/why-would-someone-live-canadian-arctic-inuvik/ ‚Ä¶ ‚Ä¶ #Travel #Canada
travel;Today, just two years ago, I completely changed my life. I took a risk and quit my job. A stable, reliable job, wi‚Ä¶ http://ift.tt/2u5WKLz 
travel;via @BrendanVanSon OK Norway, I Get it You‚Äôre Beautiful...: http://www.brendansadventures.com/ok-norway-i-get-it-youre-beautiful-photos-of-norway/ ‚Ä¶ ‚Ä¶ #Travel #Norway
travel;"Being in the middle of the desert emphasizes how tiny a footprint humans leave on this Earth."
travel;Want a chance to win a trip for two to Asia? http://lptravel.to/best-in-asia-comp ‚Ä¶ #travel #BestinAsia
travel;The world‚Äôs longest pedestrian suspension bridge just opened in the Swiss Alps http://cntrvlr.co/e3q3C3y 
travel;How can you resist the white-sand beaches, top-notch surf and beautiful coral reefs of the Maldives?
travel;I wish I was back in #Timisoara starting the day with a fresh minty lemonade. Seriously, this stuff is better than coffee! #THinTimisoara
travel;25 restaurants worth travelling across the globe for - according to @OpenTable http://buff.ly/2w99gaz 
travel;The reluctant Airbnb host: why I rent my spare bedroom to pay my own rent
travel;A7 - The Balinese Hindu New Year celebration, Nyepi, is unlike any other holiday in the world! http://ow.ly/SX8S30e5iVF  #CheapOairChat
technology;Migrate your databases to Amazon Aurora. Up to 5x the performance at 1/10th the cost! http://amzn.to/2vuarEq 
technology;@Azure‚Äôs CLI 2.0 can be used directly in browser, or it can be installed on macOS, Linux, and Windows. https://docs.microsoft.com/en-us/cli/azure/get-started-with-azure-cli ‚Ä¶
technology;Learn how @UW is using @Azure & #opensource technologies to predict ocean chemistry http://msft.social/hvAyJs  #Python #Django
technology;Accelerate the development of deep learning applications on the cloud with Apache MXNet and @AWScloud. http://amzn.to/2wmOt2r 
technology;Hear from #cloudcomputing thought leaders such as @adrianco & @mza during the #AWSSummit New York City keynote! http://amzn.to/2vu7OT0 
technology;Deploy a data lake foundation in the AWS Cloud in 20 minutes with our new Quick Start! http://amzn.to/2wmEVUS 
technology;When should you start exploring #BigData solutions? Read here: http://trhou.se/2vmLQBg  via @medium by @craigsdennis
technology;https://github.com/kagux/ex_debug_toolbar ‚Ä¶ looks really cool
technology;We're excited to announce a series of performance optimizations supporting #Linux & #Windows. Read more
technology;in the case of the env variable, is there a way to confirm Ruby is using jemalloc?
technology;Time zones in PostgreSQL, Elixir and Phoenix http://elixirstatus.com/=sKRH  /cc @elixirweekly #elixirlang
technology;Quickly build & launch your own deep learning project using Apache MXNet on AWS. http://amzn.to/2vtaPTp
technology;Building a serverless web app means no servers, easy scaling, & no idle charges. Get started now!
technology;Make the best decisions for your business in #cloud, #data & #security. Get the Business Model Innovation Guide: http://msft.social/Hz3avL
news;How you can get through a job you don‚Äôt like. #selfhelp #jobsatisfaction #career #work https://yourstory.com/2017/05/get-through-hateful-job/?utm_source=FB&utm_medium=Post ‚Ä¶
news;Apple left clues for the next iPhone in its earnings report http://cnet.co/2vuKfcO 
news;Small business loan platform Kabbage nabs $250M from Softbank http://tcrn.ch/2faFspS  by @ingridlunden
news;God help us all, Mark Zuckerberg has hired Hillary Clinton's chief strategist
news;This association with @MobiKwik also marks the #payment company‚Äôs entrance into the credit lending space. #funding https://yourstory.com/2017/08/mobikwik-raises-rs-225cr-bajaj-finance-launch-first-lending-product/?utm_source=Twitter&utm_medium=Post ‚Ä¶
news;Twitter explains why it won‚Äôt disclose the number of daily users. Kinda. https://venturebeat.com/2017/08/02/twitter-explains-why-it-wont-disclose-the-number-of-daily-users-kinda/ ‚Ä¶
news;Dreams don‚Äôt die, they just sleep awhile, so is the story of these youngsters. #startup #bengaluru #entrepreneur https://yourstory.com/2017/08/moving-to-bengaluru-boriya-bistar-starter-kit/?utm_source=Twitter&utm_medium=Post ‚Ä¶
news;The #middleclass #upbringing does something brilliant: it makes you a cockroach instead of a unicorn
news;A great read: America's youngest billionaire has retired and is now spending his money trying to fix scientific dat‚Ä¶
news;How to survive having an iPhone with only 16GB of storage http://cnet.co/2wof4fk 
news;YouTube unleashes Google AI to crack down on extremist content http://tnw.me/7qIHjIT 
news;A #tea #cafe in Bhopal 'Chai34' is popular for selling 22 varieties of tea. #startup #entrepreneur. https://yourstory.com/2017/08/madhur-malhotra-chai-34-tea-engineer-cafe/?utm_source=FB&utm_medium=Post ‚Ä¶
news;Immigrating to the U.S.? These tech services can help http://tnw.me/ughYB9D 
news;Here's what Faraday Future learned from its sprint up Pikes Peak http://cnet.co/2wnYcVZ 
travel;Simple Italy Itinerary: Ideas for Planning One Week in Italy
travel;What a difference a few days makes. This was me on Sunday in #Timisoara. I'm now wrapped up warm and working in my kitchen #THinTimisoara
travel;LP Pathfinders: top Instagrams from July 2017 http://ift.tt/2uZlC6n 
travel;RT @LPtravelnews: #Queensland will soon be home to the world's longest 'electric highway' http://lptravel.to/AQhJaH 
travel;Get a glimpse of what life is like in North Korea, a country rarely seen by foreigners
travel;My Iceland Ring Road Itinerary https://www.bloglovin.com/blogs/wild-junket-4009607/my-iceland-ring-road-itinerary-5788586351 ‚Ä¶ on @bloglovin
travel;Tips for tech trouble at the airport http://ift.tt/2vvwCKl 
travel;5 tips for sleeping in an airport http://cntrvlr.co/4OAllge
travel;Waking at 530am is hard. But sometimes worth it. #manitoba
travel;How a young woman from Finland became a student of an Iranian master horseback archer
travel;Loving the famous maple syrup pancakes @SugarMoonFarm - so so good #visitnovascotia
travel;Today we caught up with @2WanderingSoles to talk about ethical travel! 
travel;Photo Series: Beautiful European Cities You May Not Know https://landlopers.com/2016/03/03/photo-series-european-cities ‚Ä¶ #travel #lp #Europe
travel;Have your August getaway planned yet? Here are some great ideas: http://bit.ly/2a8EvG8#WheretoGo ‚Ä¶ #summervacation
technology;Do you have any questions about @elixirlang? Let us know! Beginner or advanced, we don't care. Will reply to all questions. #myelixirstatus
technology;3 misunderstandings about #code review that are probably slowing you down: http://trhou.se/2l8WD9F  by Nic Hampton
technology;Codecademy adds new intensive options to help beginners learn code quicker http://tnw.me/8A2r3Z3 
technology;"There is much more innovation ahead." GA Co-Founder and CEO @jakeschwartz discusses what the future of GA holds:
technology;Attending a #conference in the next few months? Here are 8 ways to get the most out of it: http://trhou.se/2js5Cpg  by @SmashDev
technology;‚ÄúHow Young Professionals Can Keep From Burning Out‚Äù by Thrive Global:
technology;Don't miss informative breakouts like "Expert Mentoring" and "Creating a Culture of Innovation" at #PluralsightLIVE: http://plrsig.ht/2gR7qrb Creating a Culture of InnovationCreating a Culture of Innovation
technology;Tip No. 5 for reducing stress at work: Try guided meditation, on your own or with an app. 8 more tips: http://ga.co/2v79bWy 
technology;Adding Drag And Drop To React @franzejr http://buff.ly/2vQDDT1
technology;6 Go Tips You Should (probably not) Use - You may not use the tips, but you‚Äôll learn some Go
technology;"We use online learning as an element of everything we do & see a blended model as the future of all @GA programs"
technology;Why Is Ruby Multithreading Slow? https://medium.com/@dathanbennett/why-is-ruby-multithreading-slow-96afb475f669 ‚Ä¶ (Spoiler: It isn't.)
technology;Hey folks, I'm looking for a recommendation on a Postgres book. Anyone have a favorite?
technology;Which open source libraries /  frameworks are you most excited about looking into the future?
news;Incredibly well-preserved fossil changes our understanding of armored dinosaurs http://gizmo.do/cDZ7fgC 
news;Looks like the issue of those surprise Comcast fees may end up in court
news;Samsung Is Keeping the Joy of Flip Phones Alive
news;Fitbit is planning a new smartwatch for the holidays ... if it lives that long https://wp.me/p8wLEc-9tWa  by @obrien
news;Private Valuations Aren't Grounded in Reality, Study Finds http://bit.ly/2vsWHbT 
news;Facebook finishes its move to neural machine translation http://tcrn.ch/2uo5vf6  by @JohnMannes
news;Curious about Tesla's unique Model 3 in-car UI? Check out this mock-up http://tcrn.ch/2uo7KPo  by @etherington
news;Clarence Thomas‚Äô legal vision is becoming a Trump-era reality.
news;After phishing attacks, Chrome extensions push adware to millions http://arstechnica.com/information-technology/2017/08/after-phishing-attacks-chrome-extensions-push-adware-to-millions/ ‚Ä¶ by @dangoodin001
news;Another black activist, Ijeoma Oluo, is suspended by Facebook for posting about racism
news;Blogs got chopped up and turned into corners of huge multi-billion dollar tech empires
news;These are the smallest and lightest of the tiny tablets http://cnet.co/2v2MqRA 
news;With the right gear, your smartphone will be able to take some stellar photos of the August 21 eclipse
news;This website intends to document press freedom violations in a place that hasn't historically required it: America
travel;From pristine forests to rare wildlife habitats, these destinations top the list of new must-see UNESCO sites http://on.natgeo.com/2u7UnI0
travel;Why I wish I'd traveled less http://ift.tt/2vwluN6 
travel;Q1 Best city, state or destination for summer deals? #TravelSkills
travel;Love at first bite: our unforgettable meals from the road http://lptravel.to/0Ickbt  #travel
travel;[WATCH] Spotlight on Hawaii's volcanoes http://lptravel.to/JwOVHq  #travel
travel;The cost of 2 nights in Copenhagen, Denmark http://rviv.ly/KI2JH  #oldpost
travel;The best sopping in NYC http://ift.tt/2unDzI7 
travel;A guide to Positano‚Äôs quiet side http://cntrvlr.co/aoHX0vS 
travel;Japan‚Äôs coolest design company is opening an ultra-minimalist hotel https://landlopers.com/2017/08/02/travel-news-august-3-2017 ‚Ä¶ #travel #news
travel;What isn't? -- What‚Äôs the Matter With Lonely Planet? https://www.nomadicmatt.com/travel-blogs/lonely-planet/ ‚Ä¶ via @nomadicmatt
travel;‚ÄúWe travel, initially, to lose ourselves and we travel, next to find ourselves.‚Äù - Pico Iyer.
travel;The @TataBrew company is a very very cool place plus they make a beer where $ goes to dog rescue! #visitnovascotia
travel;My travel journal from a long weekend in Timisoara, Romania https://www.bloglovin.com/blogs/travel-hack-3968071/my-travel-journal-from-a-long-weekend-in-5789214479 ‚Ä¶ on @bloglovin
travel;A one day guide to 15 UK National Pa http://ift.tt/2unHyV9 
technology;How to install and configure @goforcd, a powerful CI/CD platform designed to automate testing and release processes http://do.co/2fc16u1
technology;Run complex queries on unified data inside and outside your data warehouse. Amazon Redshift Spectrum. http://amzn.to/2vweHmR
technology;Amazon Redshift analyzes your data and suggests the most effective data compression. http://amzn.to/2vwk9WC 
technology;Set it and forget it: Auto Scaling adjusts EC2 instances as needed to maintain your targets. See how at
technology;Hear how to avoid capacity imbalance and overload in service to service communication: http://amzn.to/2vwcnMv
technology;Get an introduction to Microservices with AWS Lambda, API Gateway & more at the #AWSLoft NY! #devops http://amzn.to/2wbAjkI 
technology;Do you have any questions about Elixir? Let DailyDrip know! http://elixirstatus.com/=iqPO  /cc @elixirweekly #elixirlang
technology;A really ‚ù§ my first #ElixirEdinburgh #meetup. #elixir #elixirlang #elixirstatus #myelixirstatus #developers
technology;"Time zones in PostgreSQL, Elixir and Phoenix" - my new blog post: https://www.amberbit.com/blog/2017/8/3/time-zones-in-postgresql-elixir-and-phoenix/ ‚Ä¶ #myelixirstatus #elixirlang #elixir #postgresql
technology;Lessons From Using Phoenix 1.3 https://robots.thoughtbot.com/lessons-from-using-phoenix-1-3 ‚Ä¶ #elixirlang #myelixirstatus via @bigardone
technology;Looking for elixir developers in Poland https://jobs.recruitee.com/o/elixir--phoenix-backend-developer ‚Ä¶ #myelixirstatus
technology;Join #elixirlang community in 2 weeks for #ElixirLDN 17 August, last minute tickets still available. #myelixirstatus http://ow.ly/m7p330e8jXj 
technology;‚ÄúNational Health Service, on Elixir and Kubernetes‚Äù by @andrew_dryga #myelixirstatus #elixir #kubernetes #erlang
technology;We are open sourcing our Phoenix deployment process with Ansible playbooks for Elixir http://blog.lunarlogic.io/phoenix-app-deployment-with-ansible-playbooks-for-elixir ‚Ä¶ @elixirlang @elixirphoenix
news;Bozoma Saint John to talk about transforming Uber at Disrupt SF http://tcrn.ch/2wpe76B  by @meganrosedickey  #TCDisrupt
news;Heptio launches two new open source projects that make using Kubernetes easier http://tcrn.ch/2vm4VTG  by @fredericl
news;Disney launching a way to "see, hear and smell" the #StarWars universe this fall http://cnet.co/2vlWI1Z 
news;#AI, machine learning to impact #workplace practices in India: @Adobe https://yourstory.com/2017/08/workplace-ai-machine-learning-impact-india-adobe/?utm_source=Twitter&utm_medium=Post ‚Ä¶
news;Thousands Show Up For Jobs at Amazon Warehouses in US Cities http://bit.ly/2u4azGi 
news;Why NASA will test its asteroid defense system this October http://gizmo.do/5YgfErH 
news;#WannaCry hackers walk away with $140,000 http://cnet.co/2vlOtTi 
news;20 bots that can help you build your #startup https://wp.me/p8wLEc-9tND  by @kharijohnson
news;Hope ads aren't making your site chug: @Facebook News Feed now favors fast-loading stories just like Google. https://venturebeat.com/2017/08/02/following-in-googles-footsteps-facebook-tweaks-its-mobile-news-feed-to-show-more-fast-loading-stories/ ‚Ä¶
news;Boeing Dreamliner jet's self-portrait flight spans the entire US http://cnet.co/2wqk6rU 
news;@badassboz to talk about transforming Uber at Disrupt SF http://tcrn.ch/2wabNkx  #TCDisrupt
news;The true birthplace of Silicon Valley: https://www.facebook.com/RobertScoble/posts/10155572525709655 ‚Ä¶
news;The 3 easiest ways to back up your files http://cnet.co/2wqBtsL 
news;This plane is attempting to go into the stratosphere‚Äîwith no motor: http://trib.al/dn6F4QT 
travel;Hmm, will it be #China, #India or #SriLanka? Win a trip for two to an Asian destination: http://lptravel.to/best-in-asia-comp ‚Ä¶ #travel #BestinAsia
travel;The world‚Äôs longest pedestrian suspension bridge just opened in the Swiss Alps http://cntrvlr.co/tYSn4dl
travel;MT @lpkids: Ever considered the Maldives for a family trip? Read about @TravelBabbo 's experiences http://lptravel.to/ONSjDG 
travel;This is the best hotel in EVERY state http://cntrvlr.co/P3kvhT5 
travel;As temps soar, 96 fountains at the base of the Unisphere help visitors beat the heat in this long-exposure shot
news;Girlfriends + Vegas = perfect way to start the new year! http://buff.ly/2vq7W56  #NYE
travel;Colorful UNESCO Town of Lunenburg, Nova Scotia [PHOTO] https://landlopers.com/2017/08/02/photo-lunenburg ‚Ä¶ #VisitNovaScotia   #Canada #Lunenburg
travel;7 Magnificent reasons to visit Conwy http://rviv.ly/pCv4r  #oldpost
travel;Via @LPtraveltravel: #Buffalo's new Hotel Henry opens in abandoned asylum http://lptravel.to/9YJaVJ  #travel
travel;enice asks tourists not to pause too long on bridges http://cntrvlr.co/0vXpa7m
travel;New Post: My First Date With Martin Luther in Wittenberg, Germany https://landlopers.com/2017/08/02/wittenberg ‚Ä¶ #GermanyTourism  #Wittenberg #lutherCountry
travel;Counting down to a complete travel blog redesign ... say good bye to the old design ... only 1 or 2 more days to go! Thanks to @rtwlabs :)
travel;From the pyramids to the Nile River, don't miss these stunning scenes from Egypt captured by our #YourShot community
travel;This is the best new restaurant neighborhood in L.A. http://cntrvlr.co/ABSt9Sd 
technology;Top 5 Tips for Learning: http://trhou.se/2rarfxV  by @sketchings via @treehouse_blog #tips #learning
technology;Why Every City is a "Tech City" http://trhou.se/2q8LF9H  by @EmSchw
technology;We launched Codecademy Pro today.  The best part?  The user stories from our users are inspiring.
technology;It's important to keep your data and communications #secure. Lear how in Intro to Data Security w/ @kennethlove: http://trhou.se/2qWXayd 
technology;"The most important thing is to never to stop dreaming. Tech is the future, so invest in yourself & the knowledge." http://trhou.se/2vf3bv4 
technology;"Aim for wide, not narrow." Why #IT teams are more flexible and innovative with a diverse skill set: http://plrsig.ht/2tf7AOx 
technology;Integrating React in a Chat Phoenix App - https://buff.ly/2u5Fr9h  #react #phoenix
technology;@zsims's thoughts on Codecademy Pro on @ProductHunt https://www.producthunt.com/posts/codecademy-pro-2#comment-503912 ‚Ä¶
technology;Tonight we're happy to welcome high school and college women from #BUILTBYGIRLS to GA HQ to learn about pursuing careers in tech.
technology;When I wrote Exercises for Programmers, this is what I hoped to see. So cool.
technology;Learn how to code this summer with @Codecademy
technology;Have you tried our mentoring feature? If not, now's the time to give it a shot. Learn how to connect with an expert: http://plrsig.ht/2tf4rye 
technology;@Codecademy‚Äôs @zsims: There‚Äôs a gap in the economy between technologically literate employees & what educational institutions are teaching.
technology;Product designers, here's how to ace your next whiteboard challenge: http://ga.co/2vQWf4W  via @BlakeHudelson @prototyprIO
news;Crunch Report Virtual Reality Star Wars Experience Is Coming to Disney Parks http://tcrn.ch/2v1CGZm  by @titoyooo
news;A new set of open-source SS7 solutions makes fixes to a long-ignored cell network flaw available to all
news;Why you‚Äôll be hooked after seeing the total solar eclipse http://cnet.co/2wqEJE9 
news;Here are your Samsung #GalaxyNote8 specs. https://venturebeat.com/2017/08/02/samsung-galaxy-note8-final-specs/ ‚Ä¶
news;Facebook begins testing Stories on the desktop http://tcrn.ch/2wahm2x 
news;The alt-right goes panhandling http://gizmo.do/2KbVHme 
news;@FishChain casts net wide to bring #customers fresh #seafood and benefit #fishing communities https://yourstory.com/2017/08/fish-chain-startup-fresh-seafood-benefit-fishing-communities/?utm_source=Twitter&utm_medium=Post ‚Ä¶
news;Good hackers can do bad things, too
news;Why is @Apple's Services business is booming? https://venturebeat.com/2017/08/02/heres-why-apple-says-its-services-business-is-booming/ ‚Ä¶
news;NotPetya Ransomware Victims Preparing Lawsuit Against Ukrainian Software Firm http://bit.ly/2v1wWPh 
news;8bitdo‚Äôs new Nintendo Switch-compatible NES30 Arcade Stick now on sale http://tcrn.ch/2wa0gSx 
news;Amazon employs 45,000 robots, but they all have something missing: hands. That may soon change
news;PC Gaming Weekly: Survival evolved https://wp.me/p8wLEc-9tV9  by @jason_wilson
news;Etsy lives to fight another day as new leadership shaves costs and delivers an earnings beat
travel;5 Not To Miss Spots on a Central Newfoundland Road Trip https://landlopers.com/2016/08/14/central-newfoundland ‚Ä¶ #NLTweets #ExploreCanada #travel
travel;The Rhode Island beach destination you need to know about http://cntrvlr.co/2WsY4Ru
travel;4 surprising things you can only learn by traveling solo via @iamwellandgood
travel;"I'm a dreamer. I have to dream & reach for the stars, & if I miss a star then I grab a handful of clouds." - Mike Tyson.
travel;Fab article from @GoGoGoyanes in @NatGeo about 3 women travel guides in India with @Intrepid_Travel #IncredibleIndia #girlpower
travel;via @LiveShareTravel Deserts, Ruins and Luxury Abound: Places to Visit in Jordan: http://livesharetravel.com/27901/places-to-visit-in-jordan-road-trip/ ‚Ä¶ ‚Ä¶ #Travel #Jordan
travel;Ocean or sand dunes? Big decisions to make when staying at the @Anantara_Hotels in Bazaruto http://buff.ly/2tCqkIc  #island #tropical
travel;Get lost in a sea of stunning scenes with @LonelyPlanet's "Travel Photography" mag http://flip.it/DxhplE   #MagsWeLove #FlipTravel
travel;In a city lit up by neon shopping strips, about 200,000 people live in these tiny "coffin-like" apartments
travel;Who's ready for football season? üèà Check out iconic tailgating foods in every state to get you even more excited --> http://bit.ly/2wqeYUB
travel;The best new floating hotels http://cntrvlr.co/UWvAwcL
travel;A fruit sorter removes blemished melons from a market near Hyderabad, India via #YourShot #NationalWatermelonDay http://on.natgeo.com/2vmM9eM
travel;Where to take your date in Atlanta http://ift.tt/2fcJ1Mf 
travel;Via @TODAYshow: 8 of the most under-the-radar travel spots in the US http://on.today.com/2hqQx70 
technology;Stream over, I'll upload later. TL:DR I think I shaved ~25% off the Rails TechEmpower bench, could maybe shave another ~25% off
technology;NOW STREAMING: Trying to make TechEmpower's Rails benchmark even faster
technology;Looking at latency #'s https://www.techempower.com/benchmarks/previews/round15/#section=data-r15&hw=ph&test=json ‚Ä¶ here, the latest round reflects my experience w/Rails. additional ~8 ms overhead v Roda
technology;Turns out, using all the available CPU resources improves throughput. Who'da thunk.
technology;And, to no one's surprise, Rails is doing ~5-700% better on the next round of TechEmpower benchmarks
technology;Rails 5.1.3 is done! Thanks for the help with finding regressions and fixes 
technology;http://send.firefox.com  = private, encrypted, self-destructing file sharing up to 1GB
technology;New blog post in the Rust modules series!
technology;whoah, red hat is writing a filesystem thingy in #rustlang https://phoronix.com/scan.php?page=news_item&px=Stratis-Red-Hat-Project ‚Ä¶
technology;Rust RFC 2094: Non-lexical lifetimes https://github.com/rust-lang/rfcs/pull/2094 
technology;Elixir helped me realize I‚Äôm not #TooDumbForFP #kcdc2017 #MyElixirStatus
technology;Prompt Mix env on IEX (with colors) https://gist.github.com/fertapric/15e88de17d12558b65be7966fbdf31c0 ‚Ä¶ #elixir #ElixirLang #iex #myelixirstatus
technology;Unlearning old habits might easily be the toughest and the funniest part of switching from #Ruby to #ElixirLang & #otp. #myelixirstatus
technology;Reducing Elixir Backend Time From 120ms to 20ms With Parallelization http://buff.ly/2wnEsC6  #elixirlang #myelixirstatus
news;A little more Minecraft is coming for you #NintendoSwitch lovers: https://venturebeat.com/2017/08/02/nintendo-switch-gets-minecraft-story-modes-first-season-on-august-22/ ‚Ä¶
news;YC-backed Muzmatch definitely doesn‚Äôt want to be Tinder for Muslims http://tcrn.ch/2v0mGHm 
news;The WannaCry ransomware attackers are cashing out their bitcoin at a dangerous time
news;Need a second opinion? OpinionX brings you #doctors on a #digital platform. #DigitalHealth https://yourstory.com/2017/08/opinionx-doctors-second-opinion/?utm_source=Twitter&utm_medium=Post ‚Ä¶
news;Intel's Upcoming Coffee Lake CPUs Won't Work With Today's Motherboards http://bit.ly/2v1QRhi 
news;'Alexa, play music for getting pumped' http://cnet.co/2wqr4x0 
news;Stephen King‚Äôs Tower, Steven Soderbergh‚Äôs return, and 27 other movies coming in August http://trib.al/MAM2Zrp 
news;Uber Freight expands to multiple new markets and adds new features http://tcrn.ch/2uZSLii 
news;20 things you should never, ever Google http://cnet.co/2vxLWGe 
news;Surprise: Brands post more stories on Instagram than Snapchat http://tnw.me/8QdVzz9 
news;Everyone agrees that secure elections matter securing them is another matter entirely
news;Uber Knowingly Leased Unsafe Cars To Drivers, Says Report http://bit.ly/2vuIlrJ 
news;Marketers are worried that automation will claim their jobs says @kununu_us.  https://venturebeat.com/2017/08/02/kununu-marketers-are-worried-that-automation-will-claim-their-jobs/ ‚Ä¶
news;Need a new password? Here's 306 million to avoid http://cnet.co/2v3IP5O 
travel;Chill out at these cool museums. ‚ùÑÔ∏è
travel;Still 2 days left to enter this week‚Äôs IG photo contest sponsored by @PayPal! More info here: http://ow.ly/XYtd30e5mpB 
travel;REALLY impressed by how well represented Pride is here in  @VisitNovaScotia - I've seen rainbow flags everywhere  :) #visitnovascotia
travel;8 ways to easily avoid the crowds in Alaska http://cntrvlr.co/ocHeE9E 
travel;Exodus Travels Land of the Tiger tour of India http://breathedreamgo.com/2017/02/exodus-travels-land-of-the-tiger-tour-of-india/?utm_source=ReviveOldPost&utm_medium=social&utm_campaign=ReviveOldPost ‚Ä¶ #lp #NGTradar #TTOT #solotravel
travel;This is the best champagne served on flights http://cntrvlr.co/R2n3vUd 
travel;New Post: My First Date With Martin Luther in Wittenberg, Germany https://landlopers.com/2017/08/02/wittenberg ‚Ä¶ #GermanyTourism #Germany   #lutherCountry
travel;A selection of photographs to inspire the nature photographer in you
travel;What NOT to Pack in Your Carry-On Bag https://travel-made-simple.com/what-not-to-pack-in-your-carry-on-bag/ ‚Ä¶ #packingtips #traveltips
travel;A perfect day on O'ahu‚Äôs North Shore: http://lptravel.to/jSfqnG  #travel #Hawaii
travel;Meet our new app: Trips. Upload + share the best moments from your latest adventures: http://lptravel.to/TripsApp  #lptrips w/ @unsplash
travel;Andrew Adams: Indian wedding magic https://breathedreamgo.com/andrew-adams/?utm_source=ReviveOldPost&utm_medium=social&utm_campaign=ReviveOldPost ‚Ä¶ #lp #NGTradar #TTOT #solotravel
travel;Exploring West #Australia‚Äôs craft #beer scene http://lptravel.to/dyqgYO  by @travelwriterNZ #travel
travel;New Post: Learning to Appreciate the Bauhaus in Dessau, Germany https://landlopers.com/2017/08/08/bauhaus ‚Ä¶ #travel #Lp #GermanyTourism #Design
technology;Ruby 2.4 Avoids Exception for Integer#dup
technology;What is the primary purpose of code reviews in a closed-source, business-app context?
technology;Name a C codebase of 1000 lines or less that would be a good example for a beginner to read and study. #lazyweb
technology;Yeah, don't say the name eh ü§£ security through obscurity!
technology;Reminder to everyone on Rails 4.2: you are now running an version of Rails which now only receives severe security patches.
technology;Is there any place with writeups onhow components of @servo get integrated into Firefox? I think it's very interesting, engineering-wise.
technology;Cleaning Up Path Definitions with __dir__: https://bogdanvlviv.github.io/posts/ruby/with-__dir__-we-can-restore-order-in-the-universe.html ‚Ä¶ (It's been available since Ruby 2.0.)
technology;Would it be possible to pipe a download of a SQL backup straight into psql?
technology;hy Hanami Will Never Unseat Rails: http://boffinism.com/why-hanami-will-never-unseat-rails/ ‚Ä¶
technology;How learning Elixr made me better Ruby developer: http://www.rubyflow.com/p/8jpo2g-how-learning-elixr-made-me-better-ruby-developer ‚Ä¶
technology;I still printf and try again like the day my first code compiled
technology;I really like Github's Pulse view, find myself using it all the time.
technology;also worth a repost: @birgitta410 's delve into the frustrating history of the image of programmers
technology;Unsupervised Learning Using K-means Clustering in Ruby
news;Glint is a stealthy London fintech startup that promises to turn gold into a 'new global currency' http://tcrn.ch/2vlU9Mn  by @sohear
news;This site lists all the countries you can travel to without a visa http://tnw.me/ApQRjVP
news;Nextdoor turns to real estate listings for monetization
news;Listen up @Facebook, @HTCVive and @PlayStation: VR can be a mainstream tech ‚Äî but it‚Äôs not ready yet. https://venturebeat.com/2017/08/08/vr-can-be-a-mainstream-tech-but-its-not-ready-yet/ ‚Ä¶
news;#Mumbai-based #startup @TailoreMade is bringing the #designer to your doorstep. #startups #designerwear #fashion https://yourstory.com/2017/08/tailoremade-statup-app-tailoring-service/?utm_source=TW&utm_medium=Post ‚Ä¶
news;This small but rugged Chromebook won't hurt your wallet http://cnet.co/2wKsClE 
news;#GameofThrones hackers allegedly tried tricking HBO with altered document http://cnet.co/2wKryy8 
news;500 Startups' Australia accelerator program is axed by its partner before it even launched http://tcrn.ch/2fvkbrc  by @jonrussell
news;The Trump administration has urged the USDA to use the term "weather extremes" instead
news;AWS just proved why standards drive technology platforms
news;Maven to expand on-demand short-term Gig rentals to 6 more U‚Ä§S‚Ä§ cities http://tcrn.ch/2us10kE  by @etherington
news;Bollywood production houses ordered the Internet Archive to be blocked across India http://tnw.me/dM4nX2e 
news;Facebook launches original video content in redesigned Watch tab
news;How the internet is shaping our collective memory - for better or for worse http://tnw.me/xKORy2W 
travel;Take a peek behind the 'zines of September's @LPTraveller mag http://lptravel.to/iZ1hs1   #travel
travel;RT @atlasandboots: Sri Lanka: From Coast to Countryside ‚Äì our latest story on @lonelyplanet's Trips app! http://trips.lonelyplanet.com/s/tHG2rQ  #lptrips
travel;Secret marvels: eyewitnesses of the weird and wonderful http://lptravel.to/YEczfw  #travel
travel;10 destinations that prove water makes you happy http://cntrvlr.co/prdGhjz 
travel;You don't have to just rely on your piggy bank to save your money for traveling...http://buff.ly/2uleKhL 
travel;MT @lptravelnews: This new site is like Airbnb for lovers of good design & architecture http://lptravel.to/lQAnFO 
travel;We just launched our Women Who Travel Facebook group. Join to discuss your passion for travel üëâ http://cntrvlr.co/7QyfowV 
travel;BUENA: The Only App You Need to Plan Your Weekend https://www.travel-break.net/travel-posts/best-travel-app-buena ‚Ä¶ via @StephBeTravel
travel;The best vacation spots in the world for couples http://cntrvlr.co/J3fOt8e 
travel;Sunset vibes from Aruba üåû #ArubaIDo #Aruba #onehappyisland @aruba
travel;via @LPtravelnews: WOW! #Reykjavik is going cycle-friendly with a bike hire scheme http://lptravel.to/Oi4mzU 
travel;Prague First Timers Guide - Great Things to Do and What Not to Miss Passing Thru http://sumo.ly/DW7A  via @betsywuebker
travel;This place is straight out of a story book üòç Read more from my stay: http://buff.ly/2v9EIYD  @TongabeziZambia
travel;From safaris to stargazing, take in these gorgeous photos that mark this wildlife oasis.
technology;Lint Your Ruby Code with Overcommit and Static Analysis Tools:
technology;Orchparty: A DSL for Configuring Orchestration - https://github.com/jannishuebl/orchparty ‚Ä¶ (For generating docker-compose.yml files.)
technology;Hey, @ThatConference folks connect with me on @cardigan over the next couple days. #ThatConference #networking #makingfriends
technology;some days ago I learned about CTRL-A in Vim (incr number under cursor), I am surprised to find use cases here and there since then
technology;You don't even have to be on the number. It will increment the next number in the line. You can also do <C-x> to decrement.
technology;Listening to @bphogan give a great keynote this morning at @ThatConference
technology;A Few Tips to Improve the Speed of Your Test Suite
technology;Eventide: A Microservices and Event Sourcing Toolkit for Ruby - https://eventide-project.org/ 
technology;Building Crazy Queries with ActiveRecord and Arel
technology;A Look At How Ruby Interprets Your Code
technology;Testing for my KSP stream later and everything looks good! Launching rockets into space w/Ruby @ ~5PM MST.
technology;Is WEBrick Webscale?
technology;ICYMI Wed., I had a lot of fun with this post. Module refinements, profiling Enumerator, RSpec shared examples...
technology;The 37Signals people just seem so... *reasonable* about management.
news;Tesla‚Äôs Gigafactory keeps supercharging Reno: https://venturebeat.com/2017/08/08/teslas-gigafactory-keeps-supercharging-reno/ ‚Ä¶
news;The Mondo+ revisits the Squeezebox but needs some help with its sound http://cnet.co/2wKmrhv 
news;These photos taken with a budget phone are nice for the price http://cnet.co/2vRoNih 
news;Declining LinkedIn recruiters' InMail blocks them from DM'ing you forever http://tnw.me/ARNLyy6 
news;Tesla said to be working on self-driving tech for electric semi truck http://tcrn.ch/2hKYxjj 
news;Sorry Snapchat, it‚Äôs time to say goodbye http://tnw.me/01Y6fpZ 
news;Love the storybot. Great going @YourStoryCo @SharmaShradha
news;Facebook takes on YouTube with Watch, its new episodic video service http://tnw.me/ooGCBiX 
news;How SoftBank‚Äôs $100B fund is in a league all its own
news;10 tips for better browsing with @MicrosoftEdge http://cnet.co/2vGpJ8C 
news;This 16-year-old has invented an #AI-based system to diagnose her grandfather‚Äôs eye disease. #Healthcare #HealthTech https://yourstory.com/2017/08/ai-system-kavya-kopparapu/?utm_source=TW&utm_medium=Post ‚Ä¶
news;What should Sundar Pichai say to Googlers? http://cnet.co/2vR1MvI 
news;AR/VR Weekly: Social good dons a headset https://wp.me/p8wLEc-9uub  by @jason_wilson
news;See how your country‚Äôs internet speeds stack up in this new monthly global ranking http://tcrn.ch/2hLVg30 
travel;A Journey Through Jordan - a little travel story from me via @lonelyplanet's new Trips app ‚úàÔ∏è‚úàÔ∏è #lptrips  https://trips.lonelyplanet.com/s/YHTpf4 
travel;Why Swimming Is the Ultimate Berlin Summer Pastime http://cntrvlr.co/xQxdBMm
travel;via @InsideTravelLab More Than Coffee: 7 of the Best Places Around the World for Literary Inspiration: https://www.insidethetravellab.com/best-places-for-literary-inspiration/ ‚Ä¶ ‚Ä¶ #Travel
travel;My 10 Essential #Travel Items - including my fav sunglasses from @sunglasswarehse #getoutthere
travel;Bangkok‚Äôs Most Expensive Street Food Is Totally Worth It
travel;Greetings from #Vail, #Colorado -- I just arrived this afternoon and I'm already falling for this town. It's like an Alpine wonderland! Mos‚Ä¶
travel;What is life but one big adventure?! #getoutthere @sunglasswarehse @ Colonial Zone, Dominican‚Ä¶ https://www.instagram.com/p/BXlwhLWA8bD/ 
travel;The drive to Saman√° Peninsula in northern Dominican Republic was fun and scenic, but the tolls‚Ä¶ https://www.instagram.com/p/BXlv-mcARL7/ 
travel;Like fire and vikings? Head to remote #Shetland for the Up Helly Aa fire festival http://lptravel.to/J2A60R  by @LouiseBastock #travel
travel;Cheap and delicious food in SF http://ift.tt/2wJip91 
travel;Why your whole day in Copenhagen should be spent on this one street http://cntrvlr.co/o0jEhlu 
travel;In honor of #NationalBookLoversDay, add these #travelbooks to your reading list. üìö -->  http://bit.ly/2hLLnmg 
travel;A local 17-year-old pilot offered to fly me over the city in a Cessna 172
travel;Make responsible travel a way of life. #Responsibletravel Better Places Travel @Breathedreamgo
technology;I firmly believe many places purposely develop a nerfed mobile web site just so they can push an app on me.
technology;GUI the Giraffe last year is succeeded by FIFO the Elephant this year. :D #ThatConference #JJKDevs
technology;Shifts in #tech adoption by a wider audience are enabled by one key factor: #Accessibility. http://trhou.se/2rAJ85z  via @treehouse_blog
technology;Tips I wish I‚Äôd known when learning to #code by @jcnordell http://trhou.se/2vzoSqJ  #productivity
technology;Learn how to install #Jupyter Notebooks, use them, and install kernels for other languages in this workshop: http://trhou.se/2u5Ehic 
technology;Check my @pluralsight #spark fundamentals sequel: Handling #FastData with @ApacheSpark! Structured Streaming covered https://www.pluralsight.com/courses/apache
technology;See how easy app-building can be with Laravel! Course author Hampton Paulk walks you through it:
technology;The latest Ember LTS release has enforced Data Down, Actions Up to the max extreme. This should be an interesting upgrade.
technology;From Form to Table With Laravel just launched! Watch now to build an app with this fast, reliable PHP framework: http://bit.ly/2uE0DCD 
technology;‚ÄúWhat skills should a junior Ruby on Rails developer have?‚Äù by @k_kempinski
technology;Practice these soft skills to become a better designer, suggests @DellEMC Principal UX Designer @ian_armstrong
technology;Breaking down the principles of #machinelearning: http://ga.co/2v3KpGB  via @rpradeepmenon
technology;The biggest and most promising trends of web development this year: http://ga.co/2v3OBWJ  via @dash_bouquet @hackernoon
technology;What is the #Python programming language used for? http://trhou.se/2tpFksH 
news;So @Netflix bought a comic book company. Hopefully the shows based on those books will be better than Iron Fist. https://venturebeat.com/2017/08/07/netflix-acquires-comic-book-publisher-millarworld-run-by-self-styled-modern-day-stan-lee/ ‚Ä¶
news;A copyright claim was reportedly used to stop ad blocking, but it's complicated http://gizmo.do/8UIDFh8 
news;How @PlayabloNow is making #learning fun for #children and young adults. #edtech #startup #apps https://yourstory.com/2017/08/playablo-learning/?utm_source=TW&utm_medium=Post ‚Ä¶
news;The best smart TV system in an affordable 4K TV http://cnet.co/2wS25D3 
news;Now that SoundCloud has funding, it's time to ditch its weak Spotify competitor Go+, focus on indie musicians & DJs
news;Microsoft shares its vision to become AI industry-leader http://tnw.me/Dv2DCsY 
news;Before an A380 flies, it's driven across southern France http://cnet.co/2vYFwAh 
news;FBI says ISIS smuggled funds to US using eBay and PayPal http://tnw.me/BHTI1T4
news;How to restore deleted @Google contacts http://cnet.co/2vYErrV 
news;What looks like an immovable tapestry of glittering stars is really so much more
news;Here Be Dragons AR/VR studio gets $10 million funding from Discovery Communications https://wp.me/p8wLEc-9uEJ  by @UploadVR
news;8 mildly interesting things we learned about Pirate Bay's Peter Sunde http://tnw.me/YSNJqyn 
news;Five years ago, passwords never appeared weaker...
news;How to put your old phone to new use http://cnet.co/2vYA8wL 
travel;For those fortunate to be able to take a gap year, it can be a life-changing experience
travel;This new flight deal website is perfect for impulsive travelers http://cntrvlr.co/8tJ0Qn6
travel;Happy #WorldElephantDay! Retweet and let‚Äôs help conserve and protect elephants from the numerous threats they face. #NatGeoAfrica
travel;On #WorldElephantDay we say a big thank you to all of the men & women who serve on the #frontline everyday to protect these majestic animals
travel;The latest The Transformational Travel Daily! http://paper.li/Breathedreamgo/1495803743?edition_id=723dde00-7f5e-11e7-9cf0-0cc47a0d164b ‚Ä¶ Thanks to @Emmalcharlton @Sbrasheed @lisavold1 #travel #ttot
travel;The Most Beautiful Botanical Gardens in the U.S. http://cntrvlr.co/NW7Cfiw 
travel;You haven't heard of these travel apps, but downloading them will be the best thing you've ever done http://cntrvlr.co/622zisx 
travel;Photo of the Day: Street in the Sky http://on.natgeo.com/2uA6eLh  #photography #pod
travel;The open road stretches out before you; you have your map, a f... More for Sagittarius http://bit.ly/yibOac 
travel;Want to start doing more catch ups whenever we travel to new cities! Follow our FB community to find out when/where our next one will be üëçüèº
travel;#Travel like a #travelwriter: How to find the best of a new city! http://gigigriffis.com/how-do-travel-writers-find-the-best-of-a-new-city-or-country/ ‚Ä¶ #ttot #alwaysgo #mytinyatlas
travel;Here's our best advice for seeing animals in their native habitats in the best, most ethical way
travel;Short stay in #Dubai? Here's our tips on how to spend a perfect day http://lptravel.to/cxnNoc  #travel
travel;Getting high in The Rockies https://breathedreamgo.com/the-rockies-icefields-parkway-alberta/?utm_source=ReviveOldPost&utm_medium=social&utm_campaign=ReviveOldPost ‚Ä¶ #lp #NGTradar #TTOT #solotravel
